epsilon,attack_type,norm_type,targeted,step_rule,accuracy,total_queries,avg_queries,cpu_time,gap_FW,gap_AS
0.005,fw,-1,True,lipschitz_mnist,1.0,1948,974.7374100719425,0.007732207091469681,0.22986796498298645,
0.005,fw,-1,True,decay,1.0,1948,974.7374100719425,0.008856307810894143,0.22771397233009338,
0.005,fw,-1,True,amjo,1.0,1948,974.7374100719425,0.01523959403905447,0.22986796498298645,
0.005,fw,-1,True,ls,1.0,1948,974.7374100719425,0.09847122302158273,0.22986796498298645,
0.005,fw,-1,False,lipschitz_mnist,1.0,1876,938.7369263607258,0.008854722518676628,0.15451288223266602,
0.005,fw,-1,False,decay,1.0,1861,931.2388380849919,0.009388448090371168,0.15410050749778748,
0.005,fw,-1,False,amjo,1.0,1876,938.7369263607258,0.01666722251867663,0.15451288223266602,
0.005,fw,-1,False,ls,1.0,1876,938.7369263607258,0.13450506937033085,0.15451288223266602,
0.005,fw,1,True,lipschitz_mnist,0.09,202,101.74,0.01046875,-0.00044299953151494265,
0.005,fw,1,True,decay,0.09,202,101.74,0.010234375,-0.00044299953151494265,
0.005,fw,1,True,amjo,0.09,202,101.74,0.030234375,-0.00044299953151494265,
0.005,fw,1,True,ls,0.23,205,103.24137931034483,0.13354371921182265,-0.005940488073974848,
0.005,fw,1,False,lipschitz_mnist,0.09,202,101.74,0.010546875,-1.485628126829397e-05,
0.005,fw,1,False,decay,0.09,202,101.74,0.0115625,-1.485628126829397e-05,
0.005,fw,1,False,amjo,0.09,202,101.74,0.02203125,-1.485628126829397e-05,
0.005,fw,1,False,ls,0.09,202,101.74,0.151015625,-1.485628126829397e-05,
0.005,fw,2,True,lipschitz_mnist,1.0,170,85.74404761904762,0.008742559523809524,0.030815917998552322,
0.005,fw,2,True,decay,1.0,170,85.74404761904762,0.00855654761904762,0.030815917998552322,
0.005,fw,2,True,amjo,1.0,170,85.74404761904762,0.014322916666666666,0.030815917998552322,
0.005,fw,2,True,ls,1.0,170,85.74404761904762,0.14109002976190477,0.030815917998552322,
0.005,fw,2,False,lipschitz_mnist,1.0,124,62.77049180327869,0.011014344262295082,0.09086047857999802,
0.005,fw,2,False,decay,1.0,124,62.77049180327869,0.009605532786885246,0.09086047857999802,
0.005,fw,2,False,amjo,1.0,124,62.77049180327869,0.015625,0.09086047857999802,
0.005,fw,2,False,ls,1.0,124,62.77049180327869,0.14984631147540983,0.09086047857999802,
0.005,fw_away,-1,True,lipschitz_mnist,1.0,2002,1001.74,0.0109609375,0.22986796498298645,-0.22869262099266052
0.005,fw_away,-1,True,decay,1.0,2002,1001.74,0.0124296875,0.22771397233009338,-0.21653471887111664
0.005,fw_away,-1,True,amjo,1.0,2002,1001.74,0.015359375,0.22986796498298645,-0.22869262099266052
0.005,fw_away,-1,True,ls,1.0,2002,1001.74,0.152515625,0.22986796498298645,-0.22869262099266052
0.005,fw_away,-1,False,lipschitz_mnist,1.0,2002,1001.74,0.012296875,0.15451288223266602,-0.15347295999526978
0.005,fw_away,-1,False,decay,1.0,2002,1001.74,0.0131640625,0.15410050749778748,-0.1461631804704666
0.005,fw_away,-1,False,amjo,1.0,2002,1001.74,0.01853125,0.15451288223266602,-0.15347295999526978
0.005,fw_away,-1,False,ls,1.0,2002,1001.74,0.1669140625,0.15451288223266602,-0.15347295999526978
0.005,fw_away,1,True,lipschitz_mnist,0.09,2002,1001.74,0.0115390625,-0.000585653237067163,0.000585653237067163
0.005,fw_away,1,True,decay,0.09,2002,1001.74,0.01209375,-0.0006158536416478455,-5.2993222197983414e-05
0.005,fw_away,1,True,amjo,0.09,2002,1001.74,0.0340625,-0.00039578453288413584,3.804623247560812e-07
0.005,fw_away,1,True,ls,0.25,2002,1001.74,0.15228125,-0.00576502550393343,0.005522211082279682
0.005,fw_away,1,False,lipschitz_mnist,0.09,2002,1001.74,0.011890625,-1.673152291914448e-05,-1.7475031838243282e-12
0.005,fw_away,1,False,decay,0.09,2002,1001.74,0.012640625,-1.485628126829397e-05,-5.383480129239615e-06
0.005,fw_away,1,False,amjo,0.09,2002,1001.74,0.029875,-1.485628126829397e-05,-5.383480129239615e-06
0.005,fw_away,1,False,ls,0.09,2002,1001.74,0.1654296875,-1.820107536332216e-05,3.1900049179967027e-06
0.005,fw_away,2,True,lipschitz_mnist,1.0,2002,1001.74,0.01178125,0.03046712838113308,-0.03036859817802906
0.005,fw_away,2,True,decay,1.0,2002,1001.74,0.0128125,0.030323758721351624,-0.029036201536655426
0.005,fw_away,2,True,amjo,1.0,2002,1001.74,0.0178671875,0.03046712838113308,-0.03036859817802906
0.005,fw_away,2,True,ls,1.0,2002,1001.74,0.15125,0.03046712838113308,-0.03036859817802906
0.005,fw_away,2,False,lipschitz_mnist,1.0,2002,1001.74,0.0124921875,0.022637154906988144,-0.022509582340717316
0.005,fw_away,2,False,decay,1.0,2002,1001.74,0.0131875,0.02253825031220913,-0.021671714261174202
0.005,fw_away,2,False,amjo,1.0,2002,1001.74,0.018671875,0.022637154906988144,-0.022509582340717316
0.005,fw_away,2,False,ls,1.0,2002,1001.74,0.164828125,0.022637154906988144,-0.022509582340717316
0.005,fw_pair,-1,True,lipschitz_mnist,1.0,1948,974.7374100719425,0.011786998972250771,0.22986796498298645,-0.22869262099266052
0.005,fw_pair,-1,True,decay,1.0,1948,974.7374100719425,0.012084082733812949,0.2269420623779297,-0.22560852766036987
0.005,fw_pair,-1,True,amjo,1.0,1948,974.7374100719425,0.02464189362795478,0.22009505331516266,-0.21885699033737183
0.005,fw_pair,-1,True,ls,1.0,1948,974.7374100719425,0.15402588643371018,0.2308388501405716,-0.22978068888187408
0.005,fw_pair,-1,False,lipschitz_mnist,1.0,1876,938.7369263607258,0.011822972251867663,0.15451288223266602,-0.15347295999526978
0.005,fw_pair,-1,False,decay,1.0,1866,933.7381974248927,0.01223846566523605,0.1537022441625595,-0.15283092856407166
0.005,fw_pair,-1,False,amjo,1.0,1860,930.7389666307857,0.025666038751345533,0.1540570706129074,-0.15289297699928284
0.005,fw_pair,-1,False,ls,1.0,1858,929.739224137931,0.16402882543103448,0.15375201404094696,-0.15285906195640564
0.005,fw_pair,1,True,lipschitz_mnist,0.09,202,101.74,0.01140625,-0.00044299953151494265,2.9527831568731955e-11
0.005,fw_pair,1,True,decay,0.09,202,101.74,0.01390625,-0.00044299953151494265,2.9527831568731955e-11
0.005,fw_pair,1,True,amjo,0.09,202,101.74,0.031640625,-0.00044299953151494265,2.9527831568731955e-11
0.005,fw_pair,1,True,ls,0.24,205,103.24137931034483,0.14816810344827586,-0.005940494127571583,0.005697585642337799
0.005,fw_pair,1,False,lipschitz_mnist,0.09,202,101.74,0.011953125,-1.485628126829397e-05,-5.383480129239615e-06
0.005,fw_pair,1,False,decay,0.09,202,101.74,0.012578125,-1.485628126829397e-05,-5.383480129239615e-06
0.005,fw_pair,1,False,amjo,0.09,202,101.74,0.02265625,-1.485628126829397e-05,-5.383480129239615e-06
0.005,fw_pair,1,False,ls,0.09,202,101.74,0.1628125,-1.485628126829397e-05,-5.383480129239615e-06
0.005,fw_pair,2,True,lipschitz_mnist,1.0,170,85.74404761904762,0.011625744047619048,0.030815917998552322,-0.029610445722937584
0.005,fw_pair,2,True,decay,1.0,170,85.74404761904762,0.012276785714285714,0.030815917998552322,-0.029610445722937584
0.005,fw_pair,2,True,amjo,1.0,170,85.74404761904762,0.018601190476190476,0.030815917998552322,-0.029610445722937584
0.005,fw_pair,2,True,ls,1.0,170,85.74404761904762,0.14936755952380953,0.030815917998552322,-0.029610445722937584
0.005,fw_pair,2,False,lipschitz_mnist,1.0,124,62.77049180327869,0.00934938524590164,0.09086047857999802,0.0
0.005,fw_pair,2,False,decay,1.0,124,62.77049180327869,0.011526639344262296,0.09086047857999802,0.0
0.005,fw_pair,2,False,amjo,1.0,124,62.77049180327869,0.0195952868852459,0.09086047857999802,0.0
0.005,fw_pair,2,False,ls,1.0,124,62.77049180327869,0.16854508196721313,0.09086047857999802,0.0
0.01,fw,-1,True,lipschitz_mnist,1.0,2002,1001.74,0.0110703125,0.4704819321632385,
0.01,fw,-1,True,decay,1.0,2002,1001.74,0.0111796875,0.46905890107154846,
0.01,fw,-1,True,amjo,1.0,2002,1001.74,0.0170078125,0.4704819321632385,
0.01,fw,-1,True,ls,1.0,2002,1001.74,0.1511484375,0.4704819321632385,
0.01,fw,-1,False,lipschitz_mnist,0.99,1984,992.7421796165489,0.011533488900100908,0.3224893808364868,
0.01,fw,-1,False,decay,0.99,1969,985.2364006100661,0.011708820538891712,0.31791648268699646,
0.01,fw,-1,False,amjo,0.99,1984,992.7421796165489,0.017359359233097883,0.3224893808364868,
0.01,fw,-1,False,ls,0.99,1984,992.7421796165489,0.1624779263370333,0.3224893808364868,
0.01,fw,1,True,lipschitz_mnist,0.09,202,101.74,0.00890625,-0.0009555062279105186,
0.01,fw,1,True,decay,0.09,202,101.74,0.010859375,-0.0009555062279105186,
0.01,fw,1,True,amjo,0.09,202,101.74,0.028515625,-0.0009555062279105186,
0.01,fw,1,True,ls,0.23,205,103.24137931034483,0.13616071428571427,-0.006303822621703148,
0.01,fw,1,False,lipschitz_mnist,0.09,202,101.74,0.010390625,-2.971256253658794e-05,
0.01,fw,1,False,decay,0.09,202,101.74,0.0109375,-2.971256253658794e-05,
0.01,fw,1,False,amjo,0.09,202,101.74,0.020859375,-2.971256253658794e-05,
0.01,fw,1,False,ls,0.09,202,101.74,0.150546875,-2.971256253658794e-05,
0.01,fw,2,True,lipschitz_mnist,1.0,202,101.74,0.0103125,0.06272215396165848,
0.01,fw,2,True,decay,1.0,202,101.74,0.010703125,0.06272215396165848,
0.01,fw,2,True,amjo,1.0,202,101.74,0.01453125,0.06272215396165848,
0.01,fw,2,True,ls,1.0,202,101.74,0.131953125,0.06272215396165848,
0.01,fw,2,False,lipschitz_mnist,1.0,202,101.74,0.010859375,0.046164628118276596,
0.01,fw,2,False,decay,1.0,202,101.74,0.01140625,0.046164628118276596,
0.01,fw,2,False,amjo,1.0,202,101.74,0.01609375,0.046164628118276596,
0.01,fw,2,False,ls,1.0,202,101.74,0.15015625,0.046164628118276596,
0.01,fw_away,-1,True,lipschitz_mnist,1.0,2002,1001.74,0.010875,0.4704819321632385,-0.4679202437400818
0.01,fw_away,-1,True,decay,1.0,2002,1001.74,0.011609375,0.46905890107154846,-0.4444040358066559
0.01,fw_away,-1,True,amjo,1.0,2002,1001.74,0.01596875,0.4704819321632385,-0.4679202437400818
0.01,fw_away,-1,True,ls,1.0,2002,1001.74,0.1009140625,0.4704819321632385,-0.4679202437400818
0.01,fw_away,-1,False,lipschitz_mnist,0.99,2002,1001.74,0.01075,0.3224893808364868,-0.3177168071269989
0.01,fw_away,-1,False,decay,0.99,2002,1001.74,0.0124375,0.31791648268699646,-0.2973583936691284
0.01,fw_away,-1,False,amjo,0.99,2002,1001.74,0.0161640625,0.3224893808364868,-0.3177168071269989
0.01,fw_away,-1,False,ls,0.99,2002,1001.74,0.1356484375,0.3224893808364868,-0.3177168071269989
0.01,fw_away,1,True,lipschitz_mnist,0.09,2002,1001.74,0.0103125,-0.001171306474134326,0.001171306474134326
0.01,fw_away,1,True,decay,0.09,2002,1001.74,0.010640625,-0.0005921422271057963,0.0005921422271057963
0.01,fw_away,1,True,amjo,0.09,2002,1001.74,0.0312578125,-0.0009104165947064757,3.6930083524566726e-07
0.01,fw_away,1,True,ls,0.25,2002,1001.74,0.143,0.017553985118865967,0.07269924879074097
0.01,fw_away,1,False,lipschitz_mnist,0.09,2002,1001.74,0.0117734375,-5.630151281366125e-05,-2.8809545894736832e-12
0.01,fw_away,1,False,decay,0.09,2002,1001.74,0.01240625,-2.971256253658794e-05,-1.076696025847923e-05
0.01,fw_away,1,False,amjo,0.09,2002,1001.74,0.0338203125,-2.971256253658794e-05,-1.076696025847923e-05
0.01,fw_away,1,False,ls,0.09,2002,1001.74,0.1592265625,-3.641591683845036e-05,6.393772309820633e-06
0.01,fw_away,2,True,lipschitz_mnist,1.0,2002,1001.74,0.0105625,0.0619434118270874,-0.06133699789643288
0.01,fw_away,2,True,decay,1.0,2002,1001.74,0.0118984375,0.061701223254203796,-0.05789349600672722
0.01,fw_away,2,True,amjo,1.0,2002,1001.74,0.0152578125,0.0619434118270874,-0.06133699789643288
0.01,fw_away,2,True,ls,1.0,2002,1001.74,0.134515625,0.0619434118270874,-0.06133699789643288
0.01,fw_away,2,False,lipschitz_mnist,1.0,2002,1001.74,0.01071875,0.045730769634246826,-0.0449683740735054
0.01,fw_away,2,False,decay,1.0,2002,1001.74,0.0117734375,0.04541782662272453,-0.04296325519680977
0.01,fw_away,2,False,amjo,1.0,2002,1001.74,0.01684375,0.045730769634246826,-0.0449683740735054
0.01,fw_away,2,False,ls,1.0,2002,1001.74,0.1498671875,0.045730769634246826,-0.0449683740735054
0.01,fw_pair,-1,True,lipschitz_mnist,1.0,2002,1001.74,0.0113828125,0.4704819321632385,-0.4679202437400818
0.01,fw_pair,-1,True,decay,1.0,2002,1001.74,0.0116640625,0.4687806963920593,-0.466722309589386
0.01,fw_pair,-1,True,amjo,1.0,2002,1001.74,0.023140625,0.4681536853313446,-0.4669782817363739
0.01,fw_pair,-1,True,ls,1.0,2002,1001.74,0.15128125,0.4686514139175415,-0.4671936333179474
0.01,fw_pair,-1,False,lipschitz_mnist,0.99,1984,992.7421796165489,0.011691157921291625,0.3224893808364868,-0.3177168071269989
0.01,fw_pair,-1,False,decay,0.99,1984,992.7421796165489,0.012542570635721494,0.31929031014442444,-0.3171628713607788
0.01,fw_pair,-1,False,amjo,0.99,1984,992.7421796165489,0.024564833501513623,0.32010242342948914,-0.31846463680267334
0.01,fw_pair,-1,False,ls,0.99,1971,986.2371762315896,0.16148743016759776,0.31931301951408386,-0.31692177057266235
0.01,fw_pair,1,True,lipschitz_mnist,0.09,202,101.74,0.01171875,-0.0009555059368722141,2.8647063887721202e-11
0.01,fw_pair,1,True,decay,0.09,202,101.74,0.011328125,-0.0009555059368722141,2.8647063887721202e-11
0.01,fw_pair,1,True,amjo,0.09,202,101.74,0.031171875,-0.0009555059368722141,2.8647063887721202e-11
0.01,fw_pair,1,True,ls,0.24,205,103.24137931034483,0.14401169950738915,-0.006303820293396711,0.005848804023116827
0.01,fw_pair,1,False,lipschitz_mnist,0.09,202,101.74,0.01171875,-2.971256253658794e-05,-1.076696025847923e-05
0.01,fw_pair,1,False,decay,0.09,202,101.74,0.010859375,-2.971256253658794e-05,-1.076696025847923e-05
0.01,fw_pair,1,False,amjo,0.09,202,101.74,0.02375,-2.971256253658794e-05,-1.076696025847923e-05
0.01,fw_pair,1,False,ls,0.09,202,101.74,0.164296875,-2.971256253658794e-05,-1.076696025847923e-05
0.01,fw_pair,2,True,lipschitz_mnist,1.0,202,101.74,0.010390625,0.06272215396165848,-0.05940592288970947
0.01,fw_pair,2,True,decay,1.0,202,101.74,0.012578125,0.06272215396165848,-0.05940592288970947
0.01,fw_pair,2,True,amjo,1.0,202,101.74,0.01734375,0.06272215396165848,-0.05940592288970947
0.01,fw_pair,2,True,ls,1.0,202,101.74,0.1484375,0.06272215396165848,-0.05940592288970947
0.01,fw_pair,2,False,lipschitz_mnist,1.0,202,101.74,0.01109375,0.046164628118276596,-0.04392171651124954
0.01,fw_pair,2,False,decay,1.0,202,101.74,0.011015625,0.046164628118276596,-0.04392171651124954
0.01,fw_pair,2,False,amjo,1.0,202,101.74,0.0175,0.046164628118276596,-0.04392171651124954
0.01,fw_pair,2,False,ls,1.0,202,101.74,0.156796875,0.046164628118276596,-0.04392171651124954
0.05,fw,-1,True,lipschitz_mnist,0.99,2002,1001.74,0.010390625,3.1343183517456055,
0.05,fw,-1,True,decay,0.99,2002,1001.74,0.010546875,2.9084486961364746,
0.05,fw,-1,True,amjo,0.99,2002,1001.74,0.01634375,3.1343183517456055,
0.05,fw,-1,True,ls,0.99,2002,1001.74,0.1471015625,3.1343183517456055,
0.05,fw,-1,False,lipschitz_mnist,0.95,1949,975.2372881355932,0.011138931689779148,2.261744499206543,
0.05,fw,-1,False,decay,0.93,1933,967.2309684101501,0.011247410668047644,2.067565679550171,
0.05,fw,-1,False,amjo,0.95,1933,967.2309684101501,0.0176155489383739,2.261744499206543,
0.05,fw,-1,False,ls,0.95,1949,975.2372881355932,0.1626701335387776,2.261744499206543,
0.05,fw,1,True,lipschitz_mnist,0.09,202,101.74,0.010625,-0.0065091573633253574,
0.05,fw,1,True,decay,0.09,202,101.74,0.00921875,-0.0065091573633253574,
0.05,fw,1,True,amjo,0.09,202,101.74,0.029453125,-0.0065091573633253574,
0.05,fw,1,True,ls,0.23,205,103.24137931034483,0.14516625615763548,-0.006262272596359253,
0.05,fw,1,False,lipschitz_mnist,0.09,202,101.74,0.011953125,-0.0001485628163209185,
0.05,fw,1,False,decay,0.09,202,101.74,0.011015625,-0.0001485628163209185,
0.05,fw,1,False,amjo,0.09,202,101.74,0.0234375,-0.0001485628163209185,
0.05,fw,1,False,ls,0.09,202,101.74,0.161796875,-0.0001485628163209185,
0.05,fw,2,True,lipschitz_mnist,1.0,2002,1001.74,0.0099609375,0.3274899125099182,
0.05,fw,2,True,decay,1.0,2002,1001.74,0.010515625,0.3184482455253601,
0.05,fw,2,True,amjo,1.0,2002,1001.74,0.016109375,0.3274899125099182,
0.05,fw,2,True,ls,1.0,2002,1001.74,0.1467578125,0.3274899125099182,
0.05,fw,2,False,lipschitz_mnist,0.99,1984,992.7421796165489,0.010863395560040363,0.2608458995819092,
0.05,fw,2,False,decay,0.99,1984,992.7421796165489,0.010965880423814328,0.24223461747169495,
0.05,fw,2,False,amjo,0.99,1984,992.7421796165489,0.015648650353178608,0.2608458995819092,
0.05,fw,2,False,ls,0.99,1984,992.7421796165489,0.15727484863773966,0.2608458995819092,
0.05,fw_away,-1,True,lipschitz_mnist,0.99,2002,1001.74,0.01134375,3.1343183517456055,-2.71298885345459
0.05,fw_away,-1,True,decay,0.99,2002,1001.74,0.0129296875,2.9084486961364746,-2.134676456451416
0.05,fw_away,-1,True,amjo,0.99,2002,1001.74,0.0169765625,3.1343183517456055,-2.71298885345459
0.05,fw_away,-1,True,ls,0.99,2002,1001.74,0.14846875,3.1343183517456055,-2.71298885345459
0.05,fw_away,-1,False,lipschitz_mnist,0.95,2002,1001.74,0.011828125,2.261744499206543,-1.8644498586654663
0.05,fw_away,-1,False,decay,0.93,2002,1001.74,0.0134140625,2.067565679550171,-1.486962080001831
0.05,fw_away,-1,False,amjo,0.95,2002,1001.74,0.0182734375,2.261744499206543,-1.8644498586654663
0.05,fw_away,-1,False,ls,0.95,2002,1001.74,0.15996875,2.261744499206543,-1.8644498586654663
0.05,fw_away,1,True,lipschitz_mnist,0.09,2002,1001.74,0.0111953125,-0.0058565326035022736,0.0058565326035022736
0.05,fw_away,1,True,decay,0.09,2002,1001.74,0.012234375,-0.002808770863339305,-0.008461078628897667
0.05,fw_away,1,True,amjo,0.09,2002,1001.74,0.0332578125,-0.005513808690011501,1.427191705261066e-06
0.05,fw_away,1,True,ls,0.28,2002,1001.74,0.1469375,-0.006082629784941673,0.004207547754049301
0.05,fw_away,1,False,lipschitz_mnist,0.09,2002,1001.74,0.011875,-0.00020084173593204468,8.813161788898127e-13
0.05,fw_away,1,False,decay,0.09,2002,1001.74,0.012140625,-0.0001485628163209185,-5.383480674936436e-05
0.05,fw_away,1,False,amjo,0.09,2002,1001.74,0.02971875,-0.0001485628163209185,-5.383480674936436e-05
0.05,fw_away,1,False,ls,0.09,2002,1001.74,0.1611640625,-0.0001485628163209185,-5.383480674936436e-05
0.05,fw_away,2,True,lipschitz_mnist,1.0,2002,1001.74,0.0116484375,0.3274899125099182,-0.3193052113056183
0.05,fw_away,2,True,decay,1.0,2002,1001.74,0.013390625,0.3184482455253601,-0.27698686718940735
0.05,fw_away,2,True,amjo,1.0,2002,1001.74,0.01671875,0.3274899125099182,-0.3193052113056183
0.05,fw_away,2,True,ls,1.0,2002,1001.74,0.14721875,0.3274899125099182,-0.3193052113056183
0.05,fw_away,2,False,lipschitz_mnist,0.99,2002,1001.74,0.0118984375,0.2608458995819092,-0.2284885197877884
0.05,fw_away,2,False,decay,0.99,2002,1001.74,0.013765625,0.24223461747169495,-0.2141910046339035
0.05,fw_away,2,False,amjo,0.99,2002,1001.74,0.0181328125,0.2608458995819092,-0.2284885197877884
0.05,fw_away,2,False,ls,0.99,2002,1001.74,0.160734375,0.2608458995819092,-0.2284885197877884
0.05,fw_pair,-1,True,lipschitz_mnist,0.99,2002,1001.74,0.011078125,3.1343183517456055,-2.71298885345459
0.05,fw_pair,-1,True,decay,0.99,2002,1001.74,0.01146875,2.8822991847991943,-2.745725631713867
0.05,fw_pair,-1,True,amjo,0.99,2002,1001.74,0.020203125,2.8462743759155273,-2.7854366302490234
0.05,fw_pair,-1,True,ls,0.99,2002,1001.74,0.146953125,2.866938352584839,-2.793159008026123
0.05,fw_pair,-1,False,lipschitz_mnist,0.95,1949,975.2372881355932,0.01131548536209553,2.261744499206543,-1.8644498586654663
0.05,fw_pair,-1,False,decay,0.93,1934,967.7313664596273,0.01272159679089027,2.0062313079833984,-1.9433590173721313
0.05,fw_pair,-1,False,amjo,0.93,1935,968.231246766684,0.021162053802379722,2.016638994216919,-1.9391862154006958
0.05,fw_pair,-1,False,ls,0.93,1935,968.231246766684,0.16118080703569582,2.0047638416290283,-1.9403398036956787
0.05,fw_pair,1,True,lipschitz_mnist,0.09,202,101.74,0.011328125,-0.0065091573633253574,6.483406866930608e-11
0.05,fw_pair,1,True,decay,0.09,202,101.74,0.01046875,-0.0065091573633253574,6.483406866930608e-11
0.05,fw_pair,1,True,amjo,0.09,202,101.74,0.031640625,-0.0065091573633253574,6.483406866930608e-11
0.05,fw_pair,1,True,ls,0.24,205,103.24137931034483,0.1477832512315271,-0.006262289360165596,0.004386557266116142
0.05,fw_pair,1,False,lipschitz_mnist,0.09,202,101.74,0.011015625,-0.0001485628163209185,-5.383480674936436e-05
0.05,fw_pair,1,False,decay,0.09,202,101.74,0.01203125,-0.0001485628163209185,-5.383480674936436e-05
0.05,fw_pair,1,False,amjo,0.09,202,101.74,0.02234375,-0.0001485628163209185,-5.383480674936436e-05
0.05,fw_pair,1,False,ls,0.09,202,101.74,0.162421875,-0.0001485628163209185,-5.383480674936436e-05
0.05,fw_pair,2,True,lipschitz_mnist,1.0,2002,1001.74,0.011125,0.3274899125099182,-0.3193052113056183
0.05,fw_pair,2,True,decay,1.0,2002,1001.74,0.01115625,0.3210303783416748,-0.31293538212776184
0.05,fw_pair,2,True,amjo,1.0,2002,1001.74,0.02215625,0.32011088728904724,-0.31610870361328125
0.05,fw_pair,2,True,ls,1.0,2002,1001.74,0.14971875,0.32040175795555115,-0.31550127267837524
0.05,fw_pair,2,False,lipschitz_mnist,0.99,1984,992.7421796165489,0.011565022704339052,0.2608458995819092,-0.2284885197877884
0.05,fw_pair,2,False,decay,0.99,1984,992.7421796165489,0.012424318869828456,0.2437787801027298,-0.23746085166931152
0.05,fw_pair,2,False,amjo,0.99,1984,992.7421796165489,0.02388685671039354,0.24264784157276154,-0.23707859218120575
0.05,fw_pair,2,False,ls,0.99,1984,992.7421796165489,0.16094065338042382,0.241213858127594,-0.23676837980747223
0.3,fw,-1,True,lipschitz_mnist,0.45,1321,661.2547384382108,0.011064253222137983,14.950769424438477,
0.3,fw,-1,True,decay,0.03,734,367.7472677595628,0.011270491803278689,0.01953083463013172,
0.3,fw,-1,True,amjo,0.02,742,371.7351351351351,0.025274493243243244,0.013744332827627659,
0.3,fw,-1,True,ls,0.0,733,367.24897400820794,0.14759319425444598,0.04623401537537575,
0.3,fw,-1,False,lipschitz_mnist,0.03,394,197.71938775510205,0.011918048469387755,3.631776780821383e-05,
0.3,fw,-1,False,decay,0.01,355,178.20113314447593,0.010401912181303116,5.920089461142197e-05,
0.3,fw,-1,False,amjo,0.0,371,186.18970189701898,0.024220867208672087,0.0027313989121466875,
0.3,fw,-1,False,ls,0.0,354,177.7215909090909,0.15758167613636365,0.00027663534274324775,
0.3,fw,1,True,lipschitz_mnist,0.09,202,101.74,0.01203125,-0.010199062526226044,
0.3,fw,1,True,decay,0.09,202,101.74,0.010703125,-0.010199062526226044,
0.3,fw,1,True,amjo,0.09,202,101.74,0.02796875,-0.010199062526226044,
0.3,fw,1,True,ls,0.23,203,102.24378109452736,0.14567786069651742,-0.018321149051189423,
0.3,fw,1,False,lipschitz_mnist,0.09,202,101.74,0.01109375,-0.0008913769270293415,
0.3,fw,1,False,decay,0.09,202,101.74,0.01,-0.0008913769270293415,
0.3,fw,1,False,amjo,0.09,202,101.74,0.02046875,-0.0008913769270293415,
0.3,fw,1,False,ls,0.09,202,101.74,0.16296875,-0.0008913769270293415,
0.3,fw,2,True,lipschitz_mnist,0.95,2002,1001.74,0.010375,3.310309886932373,
0.3,fw,2,True,decay,0.92,2002,1001.74,0.01059375,2.2251925468444824,
0.3,fw,2,True,amjo,0.94,2002,1001.74,0.0166171875,3.310309886932373,
0.3,fw,2,True,ls,0.95,2002,1001.74,0.1466171875,3.310309886932373,
0.3,fw,2,False,lipschitz_mnist,0.84,1851,926.2482422931314,0.011298336938885885,2.7691428661346436,
0.3,fw,2,False,decay,0.71,1793,897.2423227247348,0.011027359017308766,1.0989694595336914,
0.3,fw,2,False,amjo,0.74,1816,908.7442116868798,0.018760336273428886,2.7691428661346436,
0.3,fw,2,False,ls,0.78,1835,918.24168030551,0.15984724495362793,2.7691428661346436,
0.3,fw_away,-1,True,lipschitz_mnist,0.45,2002,1001.74,0.0122421875,14.950769424438477,-1.3760961294174194
0.3,fw_away,-1,True,decay,0.01,2002,1001.74,0.013453125,8.328636613441631e-05,5.2067516662646085e-05
0.3,fw_away,-1,True,amjo,0.02,2002,1001.74,0.031859375,3.9043399738147855e-05,1.0926991308224387e-05
0.3,fw_away,-1,True,ls,0.0,2002,1001.74,0.1492734375,8.108693145914003e-05,2.539463275752496e-05
0.3,fw_away,-1,False,lipschitz_mnist,0.01,2002,1001.74,0.0122578125,2.0763341268548174e-08,-6.075963732143919e-09
0.3,fw_away,-1,False,decay,0.0,2002,1001.74,0.0136484375,1.2900715295725555e-20,6.484870628010559e-21
0.3,fw_away,-1,False,amjo,0.0,2002,1001.74,0.0229765625,2.874759097437618e-08,-6.115037365361786e-09
0.3,fw_away,-1,False,ls,0.0,2002,1001.74,0.1619453125,3.3282117062327643e-09,9.835418035564203e-10
0.3,fw_away,1,True,lipschitz_mnist,0.09,2002,1001.74,0.0120234375,-0.03513919562101364,0.03513919562101364
0.3,fw_away,1,True,decay,0.09,2002,1001.74,0.0113984375,-0.018527556210756302,0.018527556210756302
0.3,fw_away,1,True,amjo,0.09,2002,1001.74,0.031234375,-0.002737700939178467,8.722803613636643e-06
0.3,fw_away,1,True,ls,0.27,2002,1001.74,0.14596875,-0.02422841638326645,0.0179160013794899
0.3,fw_away,1,False,lipschitz_mnist,0.09,2002,1001.74,0.011734375,-0.0019200113601982594,0.0
0.3,fw_away,1,False,decay,0.09,2002,1001.74,0.012421875,-0.005308862309902906,0.0017766355304047465
0.3,fw_away,1,False,amjo,0.09,2002,1001.74,0.0253515625,-0.0027447654865682125,0.002641966100782156
0.3,fw_away,1,False,ls,0.09,2002,1001.74,0.1612421875,-0.0027584817726165056,0.0027584817726165056
0.3,fw_away,2,True,lipschitz_mnist,0.95,2002,1001.74,0.011265625,3.310309886932373,-1.9978244304656982
0.3,fw_away,2,True,decay,0.92,2002,1001.74,0.0133203125,2.2251925468444824,-1.0923829078674316
0.3,fw_away,2,True,amjo,0.94,2002,1001.74,0.017921875,3.310309886932373,-1.9978244304656982
0.3,fw_away,2,True,ls,0.95,2002,1001.74,0.1444453125,3.310309886932373,-1.9978244304656982
0.3,fw_away,2,False,lipschitz_mnist,0.84,2002,1001.74,0.01184375,2.7691428661346436,-1.359159231185913
0.3,fw_away,2,False,decay,0.71,2002,1001.74,0.013125,1.0989694595336914,-0.2742200791835785
0.3,fw_away,2,False,amjo,0.74,2002,1001.74,0.0197265625,2.7691428661346436,-1.359159231185913
0.3,fw_away,2,False,ls,0.78,2002,1001.74,0.155015625,2.7691428661346436,-1.359159231185913
0.3,fw_pair,-1,True,lipschitz_mnist,0.45,1321,661.2547384382108,0.010377179681576951,14.950769424438477,-1.3760961294174194
0.3,fw_pair,-1,True,decay,0.04,891,446.21822272215974,0.011318897637795276,0.0669490322470665,-0.0013132954481989145
0.3,fw_pair,-1,True,amjo,0.05,911,456.22222222222223,0.02277571507150715,0.09077829122543335,0.0008896280778571963
0.3,fw_pair,-1,True,ls,0.03,925,463.20260021668474,0.13788258396533046,0.08533499389886856,0.001559216296300292
0.3,fw_pair,-1,False,lipschitz_mnist,0.03,394,197.71938775510205,0.011559311224489796,3.631777144619264e-05,-8.756922397878952e-06
0.3,fw_pair,-1,False,decay,0.0,418,209.69951923076923,0.011643629807692308,0.0005285840597935021,2.9947626899229363e-05
0.3,fw_pair,-1,False,amjo,0.02,424,212.68009478672985,0.02095675355450237,0.04841208830475807,0.010740499012172222
0.3,fw_pair,-1,False,ls,0.01,380,190.68253968253967,0.15298445767195767,0.014404046349227428,0.0008096287492662668
0.3,fw_pair,1,True,lipschitz_mnist,0.09,202,101.74,0.00953125,-0.010199062526226044,0.0
0.3,fw_pair,1,True,decay,0.09,202,101.74,0.010859375,-0.010199062526226044,0.0
0.3,fw_pair,1,True,amjo,0.09,202,101.74,0.0271875,-0.010199062526226044,0.0
0.3,fw_pair,1,True,ls,0.23,203,102.24378109452736,0.14731032338308458,-0.018321136012673378,0.01519225537776947
0.3,fw_pair,1,False,lipschitz_mnist,0.09,202,101.74,0.011328125,-0.0008913769270293415,-0.00032300883322022855
0.3,fw_pair,1,False,decay,0.09,202,101.74,0.009453125,-0.0008913769270293415,-0.00032300883322022855
0.3,fw_pair,1,False,amjo,0.09,202,101.74,0.020546875,-0.0008913769270293415,-0.00032300883322022855
0.3,fw_pair,1,False,ls,0.09,202,101.74,0.15296875,-0.0008913769270293415,-0.00032300883322022855
0.3,fw_pair,2,True,lipschitz_mnist,0.95,2002,1001.74,0.0104453125,3.310309886932373,-1.9978243112564087
0.3,fw_pair,2,True,decay,0.93,2002,1001.74,0.01109375,2.0952775478363037,-1.915645718574524
0.3,fw_pair,2,True,amjo,0.92,2002,1001.74,0.018796875,2.021158218383789,-1.7892688512802124
0.3,fw_pair,2,True,ls,0.92,2002,1001.74,0.1387109375,2.0687923431396484,-1.7679203748703003
0.3,fw_pair,2,False,lipschitz_mnist,0.84,1851,926.2482422931314,0.0113236884802596,2.7691426277160645,-1.3591593503952026
0.3,fw_pair,2,False,decay,0.71,1794,897.7421875,0.0115966796875,1.1147537231445312,-1.0242167711257935
0.3,fw_pair,2,False,amjo,0.7,1793,897.2412060301508,0.019411292573981016,1.0541508197784424,-0.9755592346191406
0.3,fw_pair,2,False,ls,0.71,1797,899.2434540389972,0.15124477715877438,1.0231014490127563,-0.9234603047370911
